codigoSap,denominacion,nivel,direccion,poblacion,distrito
1001,Central Alconsa,1,MZA. D LOTE. 95 PARCELACION CASABLANCA,LIMA,PACHACAMAC
1002,Central de Suministros,1,AV. REPUBLICA DE PANAMA 4295 SURQUILLO,LIMA,SURQUILLO
1003,Central Plantel 1,1,PARCEL.HUERTOS DE VILLENA MZA. L LOTE. 2 HUERTOS DE VILLENA,LIMA,PACHACAMAC
1004,CD Chorrillos,1,AV. EL SOL NRO. 1395,LIMA,CHORRILLOS
1005,CD San Miguel - B,1,AV. LA PAZ NRO. 1150 (ESQ CALLE FRANCSICO DE ZELA),LIMA,SAN MIGUEL
1006,CD Independencia,1,CAL. LAS FRAGUAS MZA. A LOTE. 5 URB. LOTIZ IND.PANAM.NORTE,LIMA,INDEPENDENCIA
1007,CD Surquillo,1,JR. PORTOCARRERO 347 Z.I. SURQUILLO(ANTES CALLE CASTROVIRREINA),LIMA,SURQUILLO
1008,CD AA.VV. puente piedra - B,1,LOS ALGARROBOS MZA. B LOTE. 21N,LIMA,PUENTE PIEDRA
1009,CD PT Puente Piedra - B,1,AV. SAN JUAN MZA. F LOTE. 6 URB. LAS VEGAS 1 ETAPA,LIMA,PUENTE PIEDRA
1010,CD PT Ate,1,AV. SEPARADORA INDUSTRIAL NRO. 4181 URB. PORTALES DE JAVIER PRADO,LIMA,ATE
1011,CD Friocenter - B,1,AV. EL PACIFICO NRO. 482,CALLAO,CARMEN DE LA LEGUA REYNOSO
1012,CD Chiclayo - B,1,CAL. EL AYLLU NRO. 264 INT. A C.P.M. (DISTRIBUIDORES BRASERO),CHICLAYO,LA VICTORIA
1013,CA Cigüeña,1,KM. 0 PAMPA LOS PERROS (CORPORACION GANADERA),HUARAL,AUCALLAMA
1014,CA Salas,1,CAR. PANAMERICANA SUR KM. 273 (SERVICRIANZA DEL SUR),ICA,SALAS
1015,CA Chilca,1,CAR. PANAMERICANA SUR KM. 65 URB. HUERTOS DE ORO SAN HILARI,CAÑETE,CHILCA
1016,CA Carhuaz,1,CAR. ICA A CARHUAS KM. 13.7 PAMPA BIOCOCHINOS (SERVICRIANZA DEL SUR),ICA,ICA
1017,CA Huarmey,1,CAR. PANAMERICANA NORTE KM. 306 LA CALETA,HUARMEY,CULEBRAS
1018,CA Con Con,1,CAR. PANAMERICANA SUR KM. 155 QUEBRADA CON CON,CAÑETE,LUNAHUANA
1019,CA Iwanco,1,CAR. SAYAN KM. 25 IRRIGACION SANTA ROSA,HUAURA,SAYAN
1020,Cross Docking Surquillo - B,1,JR. PORTOCARRERO NRO. 347 Z.I. SURQUILLO (ANTES CALLE CASTROVIRREINA),LIMA,SURQUILLO
1021,Cross Docking Friocenter - B,1,AV. EL PACIFICO NRO. 482,CALLAO,CARMEN DE LA LEGUA REYNOSO
1022,Cross Docking Ate,1,AV. SEPARADORA INDUSTRIAL NRO. 4181URB. PORTALES DE JAVIER PRADO,LIMA,ATE
1023,Universidad Cayetano Heredia,1,AV. VARGAS MACHUCA N 533(URB. INGENIERIA).,LIMA,SAN MARTIN DE PORRES
1024,Central Sachilsa,1,AV. LAS PALMERAS MZA. N LOTE. 0 URB. PAPA LEON XIII,CAÑETE,CHILCA
1026,CD Sullana,1,PARCELA NRO. REF. EX PREDIO LA CAPILLA (18881-18879),SULLANA,SULLANA
1027,Cross Docking Soraya,1,AV. DEL CASTILLO NRO. 301 URB. INDUSTRIAL SANTA ROSA,LIMA,ATE
1028,Deposito PAB Lurin,1,AV. INDUSTRIAL NRO. S/N (SECCION 3LAS PRADERAS DE LURIN),LIMA,LURIN
1029,CD PT Chorrillos,1,CAL. ANDROMEDA NRO. 851 URB. LA CAMPIÑA MZA - J LOTE - 05,LIMA,CHORRILLOS
1030,CD Aucallama,1,LOTE. 146 FND. PASAMAYO,HUARAL,AUCALLAMA
1031,CD PT Huaral,1,CAR.VARIANTE PASAMAYO KM. 6 FND. EX FUNDO LA HUACA,HUARAL,HUARAL
1032,CD Pisco,1,CARRETERA PANAMERICANA SUR KM228  SECTOR DE CASALLA CHICO,ICA,PISCO
1900,Central Trujilo,1,MZ. C-1 LT.01 URB. SEMI RUSTICA SANTO TOMAS,TRUJILLO,HUANCHACO
1901,Central Sullana,1,CAL. 8 URB. PARQUE INDUSTRIAL MZA. B LOTE. 06,SULLANA,SULLANA
1902,CA PT Cajamarca,1,AV. SAN MARTIN NRO. 2318 BARRIO SAN MARTIN DE PORRAS,CAJAMARCA,CAJAMARCA
1903,CA PT Chiclayo,1,CAL. FRANCISCO CUNEO 625 URB. PATAZCA,CHICLAYO,CHICLAYO
1904,CA PT Chimbote,1,PARCELA 16757 SN CAS. LA PERLA TRES CABEZAS,CHIMBOTE,CHIMBOTE
1905,CA PT Huaraz,1,CAR. PATIVILCA-HUARAZ S/N(REF.SECTOR TACLLAN),HUARAZ,HUARAZ
1906,CA PT Jaen,1,CAL. JAEN-CHAMAYA 3 A.H. FILA ALTA,JAEN,JAEN
1907,CA PT Trujillo,1,LOTE VD.157-III NRO. SN SEC. VALDIVIA III - VALLE MOCHE,TRUJILLO,HUANCHACO
1908,CA PT Tumbes,1,MZ. C-1 LT.01 URB. SEMI RUSTICA SANTO TOMAS,TUMBES,TUMBES
1909,CD Feria 1 Trujillo,1,PRED. LA ENCALADA UC 1130 NRO.-UBIC.RUR VALLE SANTA CATALINA,TRUJILLO,TRUJILLO
2001,Central de terceros -Lima,1,AV. REPUBLICA DE PANAMA 4295 SURQUILLO,LIMA,SURQUILLO
2002,Central terceros - Piura,1,AV. REPUBLICA DE PANAMA 4295 SURQUILLO,LIMA,SURQUILLO
2003,Central de terceros-Iquitos -B,1,AV. REPUBLICA DE PANAMA 4295 SURQUILLO,LIMA,SURQUILLO
2004,Central de terceros - Huancayo,1,AV. REPUBLICA DE PANAMA 4295 SURQUILLO,LIMA,SURQUILLO
2005,Central de terceros - Puno,1,AV. REPUBLICA DE PANAMA 4295 SURQUILLO,LIMA,SURQUILLO
2006,Central de terceros - Tacna,1,AV. REPUBLICA DE PANAMA 4295 SURQUILLO,LIMA,SURQUILLO
2007,Central de terceros - Libertad,1,AV. REPUBLICA DE PANAMA 4295 SURQUILLO,LIMA,SURQUILLO
2008,Central de terceros - Ica,1,AV. REPUBLICA DE PANAMA 4295 SURQUILLO,LIMA,SURQUILLO
2009,Central de terceros - Cusco,1,AV. REPUBLICA DE PANAMA 4295 SURQUILLO,LIMA,SURQUILLO
2010,Central de terceros - Arequipa,1,AV. REPUBLICA DE PANAMA 4295 SURQUILLO,LIMA,SURQUILLO
2011,Central de terceros - Lambayeq,1,AV. REPUBLICA DE PANAMA 4295 SURQUILLO,LIMA,SURQUILLO
2013,Central terceros ins - Lima,1,AV. REPUBLICA DE PANAMA 4295 SURQUILLO,LIMA,SURQUILLO
2014,Deposito aduanero,1,AV. REPUBLICA DE PANAMA 4295 SURQUILLO,LIMA,SURQUILLO
2100,Almacenera Trujillo - Trujillo,1,CAR. PANAMERICANA NRO. S/N FND. LARREA (EX FUNDO LARREA),TRUJILLO,MOCHE
2101,Almac. Quimsa - CT Lima,1,AV. LOS FAISANES NRO. 136 URB. LA CAMPIÑA (MZ. D LOTE 3),LIMA,CHORRILLOS
2102,Almac. Soraya - CT Lima,1,AV. DEL CASTILLO NRO. 301 URB. INDUSTRIAL SANTA ROSA,LIMA,ATE
2104,UNIMAR - CT Insumos Lima,1,AV. NESTOR GAMBETA NRO. 5349(EXFUNDO OQUENDO),PROV. CONST. DEL CALLAO,PROV. CONST. DEL CALLAO
2105,Fripusa - CT Piura,1,CAR.PAITA-SULLANA KM. 51 (ZONAIND. II),PAITA,COLAN
2106,Santa Clara - CT Lima,1,CAL.LOS CEDROS NRO. 181 URB. SHANGRILLA,LIMA,PUENTE PIEDRA
2107,Ransa 2 - CT Arequipa,1,CAL. JACINTO IBAÑEZ NRO. 315 URB. PARQUE INDUSTRIALIND. II),AREQUIPA,AREQUIPA
2108,ALMACENERA TRUJILLO,1,AV. TOMAS VALLE NRO. 4330 Z.I. URB. BOCANEGRAALMACENERA TRUJILLO,CALLAO,CALLAO
2109,ATSA 3,1,AV. NESTOR GAMBETTA 9996 AL 9998,CALLAO,CALLAO
2110,ALMACEN RANSA COMERCIAL,1,AV. NESTOR GAMBETTA KM. 14.5,CALLAO,CALLAO
2111,RANSA GRANEL,1,AV. ARGENTINA 28330623 DEPOSITO,CALLAO,CALLAO
2112,ESMERALDA - CT LIMA,1,AV. PANAMERICANA SUR KM. 18.5MZA. G LOTE. 1-B,LIMA,SAN JUAN DE MIRAFLORES
2113,ALFRIMAC - CT LIMA,1,CAL.MICAELA BASTIDAS NRO. 160 URB.ZONA INDUSTRIAL (SECTOR 0113 MZ I-4LT 16),CALLAO,VENTANILLA
2114,EXALMAR - CT ICA,1,AV. SECTOR ZONA INDUSTRIAL NRO.S/N Z.I. CANCHAMANA,CHINCHA,TAMBO DE MORA
2115,DEPSA - CT PIURA,1,CAR. PAITA SULLANA KM. 2 Z.I. II  SECTOR E,PAITA,PAITA
2116,FRIALSA - CT LIMA,1,CAR. PANAMERICANA SUR KM 29.5LOTE 2,LIMA,LURIN
2900,Central Terceros - ATSAC,1,PAN. NORTE KM 562,TRUJILLO,TRUJILLO
2901,Central Terceros - PAITA,1,AV. PANAMERICANA KM.4 MZ. A-7 LT-7 CC SAN FRANCISCO DE LA BUENA,PIURA,PAITA
2902,Central Terceros - PIURA,1,JR. FERROCARRIL NRO 127,PIURA,PIURA
2903,Central Terceros - RANSA,1,PROLONGACION GONZALES PRADA KM 562,TRUJILLO,MOCHE
2904,Central Terceros - SALAVERRY,1,CALLE CORDOVA S/N - ENAPU,TRUJILLO,SALAVERRY
2905,Central Terceros - SULLANA,1,AV. PAN. NORTE KM 4 MZ. A7 LT 7,SULLANA,SULLANA
2906,Central Terceros - TRANSPESA,1,PARCELA RUSTICA 4808 URB. FUNDO LAREA,TRUJILLO,MOCHE
3001,Feria 1,1,JR. PORTOCARRERO 344,LIMA,SURQUILLO
3002,Feria 2,1,AV. LOS ANGELES 695 - NRO. 697 URB.RETABLO (COMPLEJO COMERCIAL UNICACHI),LIMA,COMAS
3003,Feria 3,1,CAL.GERMAN AMEZAGA NRO. S/N (PUERTA 7 UNMSM ALTURA CRUCE O.BENAVIDES),LIMA,LIMA
3004,Feria 4,1,EL DERBY NRO. SN (PUERTA 3),LIMA,SANTIAGO DE SURCO
3005,Feria 5,1,AV. ANGEL.GAMARRA LEON VELARD NRO.S/N (ESTADIO GUADALUPANO),LIMA,LOS OLIVOS
3006,Feria 6,1,AV. PEDRO MIOTTA NRO. 221 ASC.CIUDAD DE LOS NIÑOS DE LA INMACULADA,LIMA,SAN JUAN DE MIRAFLORES
3007,Feria 7,1,AV. FERNANDO WIESE KM. 10.5(ESPALDA DEL COMPLEJO IPD BAYOVAR),LIMA,SAN JUAN DE LURIGANCHO
3008,Feria 8,1,AV. DE LA CULTURA NRO. 701 (AUDITORIO ASOCIACION PROD.AGRICOLAS MCDO),LIMA,SANTA ANITA
3009,Feria 9,1,AV. SAN JUAN MZA. F LOTE. 6 URB. LAS VEGAS 1 ETAPA,LIMA,PUENTE PIEDRA
3010,Feria 10,1,AV. EL SOL N° 1395,LIMA,CHORRILLOS
3011,Feria 11,1,NO UBICADO,LIMA,SURQUILLO
3012,Feria de Trujillo,1,PROLONGACIÓN AV. FATIMA S/N- LA ENCALADA (A 3 CUADRAS DEL C.C. REALPLAZA TRUJILLO),TRUJILLO,TRUJILLO
3013,Feria de Huancayo,1,JR. PROLONG LIBERTAD NRO. 2755,HUANCAYO,TAMBO
3014,Feria de Arequipa,1,AV. DANIEL ALCIDES CARRIÓN 168.CERCADO (FRENTE A LA FACULTAD DEMEDICINA UNIVERSIDAD SAN AGUSTIN),AREQUIPA,AREQUIPA
3015,Feria de Chiclayo,1,AV. PASEO DEL DEPORTE N° 180(MINI-COLISEO DEL ESTADIO ELIAS AGUIRRE),CHICLAYO,CHICLAYO
3016,Pavicar 1,1,AV. JAVIER PRADO NRO. 7596,LIMA,ATE
3100,TIENDA SAN FERNANDO,1,ASENTAMIENTO HUMANO LOS JAZMINES DELNARANJAL CALLE 24 MZ B2  LOTE 2,LIMA,LOS OLIVOS
3400,Tienda Chiclayo,1,AV. SAENZ PEÑA 1328,CHICLAYO,CHICLAYO
3401,Tienda Piura Grau,1,AV. GRAU NRO. 1721 URB. POP. SAN JOSE,PIURA,PIURA
3402,Tienda Piura Loreto,1,AV. LORETO NORTE NRO. 135 (TIENDA NRO 1),PIURA,PIURA
3403,Tienda Tumbes,1,AV. TUMBES NORTE NRO. 230,TUMBES,TUMBES
3404,Tienda Chimbote,1,SECTOR 5D MZA. 2 LOTE. 14 URB. BUENOS AIRES,CHIMBOTE,NUEVO CHIMBOTE
3405,Tienda Trujillo Encalada,1,MZA. E LOTE 29 URB. INGENIERIA,TRUJILLO,TRUJILLO
3406,Tienda Trujillo España,1,AV ESPAÑA 1338,TRUJILLO,TRUJILLO
3407,Tienda Trujillo Larco,1,AV. LARCO NRO. 1357,TRUJILLO,TRUJILLO
3408,Tienda Trujillo Noria,1,URB. PALERMO AV. AMERICA SUR 496,TRUJILLO,TRUJILLO
3409,Tienda Trujillo Porvenir,1,JR. MICAELA BASTIDAS Nº 1289 SECTOR CENTRAL BARRIO 2,TRUJILLO,EL PORVENIR
3410,Tienda Trujillo Quintanas,1,AV. AMERICA NORTE 2213 URB. LAS QUINTANAS,TRUJILLO,TRUJILLO
3501,Oficina Chilca,1,AV. LAS PALMERAS MZA. 0 LOTE. 24 URB. PAPA LEON XIII,CAÑETE,CHILCA
3502,Oficina Chincha,1,CAR. PANAMERICANA SUR KM. 196. TOMA DE ALTO,CHINCHA,GROCIO PRADO
3503,Oficina Ponedoras,1,CAR. PANAMERICANA SUR KM. 32.2 FUNDO SANTA ROSA,LIMA,LURIN
3504,Oficina ex - Oap centro,1,AV. LOS ROSALES MZA. C LOTE. 4,LIMA,PACHACAMAC
3505,Oficina Mala,1,CAR. PANAMERICANA SUR KM. 86 FND. LUMBRERAS,CAÑETE,MALA
3506,Oficina Barranca,1,JR. JOSE GALVEZ NRO. 2201 (PANAMERICANA NORTE   KM - 194),BARRANCA,BARRANCA
3507,Oficina Surquillo,1,AV. REPUBLICA DE PANAMA NRO. 4295,LIMA,SURQUILLO
3508,Oficina Chancay,1,CAL. LUIS FELIPE DEL SOLAR NRO. 444,HUARAL,CHANCAY
3509,Oap chilca pavos,1,AV. LAS PALMERAS MZA. 0 LOTE. 24 URB. PAPA LEON XIII,CAÑETE,CHILCA
3510,Oficina Pollo Sur,1,CAR. PANAMERICANA KM. 219,PISCO,SAN CLEMENTE
3511,Oficina Pollo Norte,1,Mz. O LOTE. 9 SECCION VICTORIA,HUARAL,HUARAL
3900,Laboratorio Piura,1,JR. ZELAYA MZ. Z LT. 02 URB. EMPLEADOS MUNICIPALES,PIURA,PIURA
3901,Laboratorio Trujillo,1,CAR. VILLA DEL MAR KM3 MZ B LOTE 8-9,TRUJILLO,HUANCHACO
3902,Oficina Central Piura,1,CAL. HUANCAVELICA 1055 URB. 4 DE ENERO,PIURA,PIURA
3903,Oficina Central Trujillo,1,AV ESPAÑA 1340,TRUJILLO,TRUJILLO
3904,Oficina Ingenieria,1,MZ. C-1 LT.01 URB. SEMI RUSTICA SANTO TOMAS,TRUJILLO,TRUJILLO
3905,Oficina Quintanas Trujillo,1,AV. AMERICA NORTE 2213 URB. LAS QUINTANAS,TRUJILLO,TRUJILLO
3906,Oficina Nepeña Ancash,1,AV. MIGUEL GRAU MZ.2 URB. LAS GARDENIAS,SANTA,NEPEÑA
3907,Oficina Tumbes,1,JR. FILIPINAS 221 CERCADO,TUMBES,TUMBES
4001,PI Mala,1,CAR. PANAMERICANA SUR KM. 86 FND. LUMBRERAS,CAÑETE,MALA
4002,PI Chincha,1,CAR. PANAMERICANA SUR KM. 196. TOMADE ALTO,CHINCHA,GROCIO PRADO
4003,PI Chancay,1,CAL. LUIS FELIPE DEL SOLAR NRO. 444,HUARAL,CHANCAY
4004,PI Provi,1,CAL.EXPORTACIONES MZA. F-6 LOTE. 12URB. PRO INDUSTRIAL 6TO SECTOR,LIMA,SAN MARTIN DE PORRES
4005,PI Guillermo li,1,CAL. CALLE AYMARAS NRO. 167 URB. ELDERBY DE MONTERRICO,LIMA,SANTIAGO DE SURCO
4006,PI Puente PIedra,1,AV. SANTA JOSEFINA NRO. 181 (NUMERO191),LIMA,PUENTE PIEDRA
4007,PI Chimu - B,1,NO UBICADO,TRUJILLO,LIBERTAD
4008,PI San martin - B,1,AV. LOS PROCERES NRO. 8087 URB. PRO(1 ETAPA DE PRO F MCDO UNICANCHI),LIMA,SAN MARTIN DE PORRES
4009,PI San lorenzo - B,1,AV. SAN LORENZO MZA. B LOTE. 7A URB. INDUSTRIAL LAS VEGAS,LIMA,PUENTE PIEDRA
4010,PI Pachacamac,1,CAL. CALLE 3 MZA. X LOTE. 08,LIMA,PACHACAMAC
4011,PI Las  vegas,1,AV. INDUSTRIAL MZA. F LOTE. 03 URB.LAS VEGAS,LIMA,PUENTE PIEDRA
4012,PI Chorrillos,1,AV. JOSE ANTONIO LAVALLE KM. 4 URB.SAN JUAN BAUTISTA DE VILL,LIMA,CHORRILLOS
4013,PI chilca,1,CAR. PANAMERICANA SUR KM. 63.5 MZA.B2 LOTE. 3 HUERTOS DE CALANGUILLO(AGRO INDUSTRIAS LEO),CAÑETE,CHILCA
4014,PI Isamisa,1,AV. SAN CARLOS MZA. B LOTE. 7 URB.SANTA MARIA,LIMA,ATE
4015,PI Lurin,1,CAL. A MZA. P1 URB. NUEVO LURIN (SUB LOTE 7 1ERA ETAPA LAS SALINAS),LIMA,LURIN
4016,PI Chincha - pavo,1,CAR. PANAMERICANA SUR KM. 196. TOMADE ALTO,CHINCHA,GROCIO PRADO
4017,PI Mala - Reproductoras,1,CAR. PANAMERICANA SUR KM. 86 FND. LUMBRERAS,CAÑETE,MALA
4018,PI Puente Piedra - Ponedoras,1,AV. SANTA JOSEFINA NRO. 181,LIMA,PUENTE PIEDRA
4019,PI Provi - Reproductoras,1,CAL.EXPORTACIONES MZA. F-6 LOTE. 12URB. PRO INDUSTRIAL 6TO SECTOR LIMA,LIMA,SAN MARTIN DE PORRES
5001,Planta de AA.BB Lurin,1,CAR. PANAMERICANA SUR KM. 40 LAS PRADERAS DE LURIN,LIMA,LURIN
5002,Planta de beneficio Huaral,1,MZA. 0 LOTE. 39 FND. EX LA HUACA,HUARAL,HUARAL
5003,Planta de AA.BB Chancay,1,CAR. PANAMERICANA NORTE KM. 81.5 FND. CHACARILLA,HUARAL,CHANCAY
5004,Camal Jose Olaya,1,CAR. PANAMERICANA SUR KM. 18.5,LIMA,CHORRILLOS
5005,Centro de corte Surquillo,1,JR. SAN LORENZO NRO. 1210 Z.I. INDUSTRIAL,LIMA,SURQUILLO
5006,Planta de beneficio Chincha,1,CAL. SAN ROQUE UNO MZA. 0 LOTE. 1 FND. FUNDO SAN PABLO,CHINCHA,CHINCHA BAJA
5007,Planta procesados Chorrillos,1,AV. GUARDIA PERUANA NRO. 990 URB. LA CAMPIÑA,LIMA,CHORRILLOS
5008,Planta procesados Esmeralda,1,CAR. PANAMERICANA SUR KM. 18.5,LIMA,CHORRILLOS
5009,CP Huevos Ate - B,1,AV. SEPARADORA INDUSTRIAL NRO. 4181URB. PORTALES DE JAVIER PRADO,LIMA,ATE
5010,CP Huevos Puente Piedra,1,AV. SAN JUAN MZA. F LOTE. 6 URB. LAS VEGAS 1 ETAPA,LIMA,PUENTE PIEDRA
5011,Nutrigold,1,EX -FUNDO HUALCARA NRO. S/N (CAMINOACCESO EX-HACIENDA HUALCARA),CAÑETE,SAN VICENTE DE CAÑETE
5012,Planta Agro Supe,1,CAR. PANAMER. NORTE KM 191.3 MZA. .(CARRETERA PANAMERICANA NORTE),BARRANCA,SUPE
5013,CP Abonos Fertilizantes Anita,1,CAR. PANAMERICANA NORTE KM. 132 IRRIGACION SANTA ROSA,HUAURA,SAYAN
5014,CEN Cocomar,1,AV. PROLONGACION CENTENARIO NRO. 570,CALLAO,CALLAO
5015,CEN TAPPAN,1,AV. ARGENTINA 4846 Int 1  CRUCE CONAV. FAUCETT,CALLAO,CALLAO
5016,CP Huevos Plantel H-17,1,CAR. PANAMERICANA SUR KM. 130 QUEBRADA IHUANCO,CAÑETE,CERRO AZUL
5017,CP Huevos Plantel A5 Mala,1,CAR. PANAMERICANA SUR KM. 86 FND. LUMBRERAS,CAÑETE,MALA
5018,CP Agua de mesa,1,PARCEL.HUERTOS DE VILLENA MZA. L LOTE. 2 HUERTOS DE VILLENA,LIMA,PACHACAMAC
5019,CP Camal Frig. Lurin,1,AV. MARTIR OLAYA NRO. S/N Z.I. SANTA GENOVEVA (ALTURA DE KM.38.5 DE ANTIGUA PANAMER.SUR),LIMA,LURIN
5020,CP Los Ferroles,1,PJ. PROLONGACION CENTENARIO NRO. S/N URB. INDUSTRIAL LOS FERROLES,PROV. CONST. DEL CALLAO,PROV. CONST. DEL CALLAO
5021,CP Abonos Liquidos - Huaral,1,CAR. A HUARAL KM. 21 ESPERANZA ALTA,HUARAL,HUARAL
5022,Planta Vadis,1,ARISTIDES DEL CARPIO MUÑOZ 1819- URB. LOS CIPRESES,LIMA,LIMA
5023,Planta Orginor,1,AV. LOS PLATINOS 229 URB. INDUSTRIAL INFANTAS,LIMA,LOS OLIVOS
5024,Planta AA.BB Shilcayo,1,NRO. S/N SEC. AHUASHIYACU (MARGENIZQ QUEBRADA AHUASHIYACU),SAN MARTIN,LA BANDA DE SHILCAYO
5025,Planta Cocomar - B,1,CL. PABLO BOONER NRO. 240,PROV. CONST. DEL CALLAO,VENTANILLA
5026,Planta CAAS,1,CL. PABLO BOONER NRO. 240URB. INDUSTRIAL(POR LA FABRICACOGORNO),PROV. CONST. DEL CALLAO,VENTANILLA
5101,PLANTA DE PRODUCCION CALLAO,1,AV. ARGENTINA 4846 Int 1  CRUCE CONAV. FAUCETT,CALLAO,CALLAO
5102,PLANTADE PRODUCCION CHORRILLOS,1,Manzana C  Lote 18Av Guardia Peruana,LIMA,Chorrillos
5110,COMEDOR CD PT ATE,1,Av.Separadora Industrial 4181Urb.Los  Portales de Zona 2,LIMA,Ate Vitarte
5111,COMEDOR PLTA BENEFICIO HUARAL,1,KM 9 Lote 1Parcela 39 car.variante Pasamayo Huaral,,Huaral
5112,COMEDOR FRIG. ESMERALDA,1,KM 18.5Car. Panamercana Sur,,Chorrillos
5113,COMEDOR CD SURQUILLO,1,Jr.San LorenzoJr.San Lorenzo 1250,,
5400,Planta Incuba Chiclayo,1,URB. SAN LORENZO AV. AGUSTO B. LEGUIA 2580,CHICLAYO,CHICLAYO
5401,Planta Incuba Trujillo,1,Nº A-2 INT. LT 9 URB. PARQUE INDUSTRIAL,TRUJILLO,LA ESPERANZA
5402,Planta Molino Milagro,1,AV. PANAMERICANA NORTE KM. 589 C.P.M.,TRUJILLO,EL MILAGRO
5403,Planta Molino Sullana,1,CAL. 8 URB. PARQUE INDUSTRIAL MZA. B LOTE 06,SULLANA,SULLANA
5404,Planta Molino Trujillo,1,CAR. CARRETERA A HUANCHACO KM.3 VILLA DEL MAR,TRUJILLO,HUANCHACO
5405,CP Rendering Trujillo,1,LOTE VD.157-III NRO. SN SEC. VALDIVIA III -VALLE MOCHE,TRUJILLO,VALLE MOCHE
5406,Planta Benef Piura,1,EXP PRED LA CAPILLA 18879 NRO. PARCELA (EX PRED LA CAPILLA),SULLANA,SULLANA
5407,Planta Benef Trujillo,1,LOTE VD.157-III NRO. SN SEC. VALDIVIA III -VALLE MOCHE,TRUJILLO,VALLE MOCHE
6001,Plantel Pch 1,1,SECCION CABUYAL KM. 0 LA ESPERANZAALTA,HUARAL,HUARAL
6002,Plantel Pch 3 - B,1,CAR. AUTOPISTA HUARANGAL KM. 3.5,LIMA,CARABAYLLO
6003,Plantel Pch 5,1,CAR. PANAMERICANA SUR KM. 205,CHINCHA,CHINCHA BAJA
6004,Plantel Pch 6 - B,1,SIN NOMBRE NRO. S/N (PARCELA 043 LOTE AYB.),CHINCHA,ALTO LARAN
6005,Plantel Pch 7,1,CAR. PANAMERICANA SUR KM. 65 URB. HUERTOS DE ORO SAN HILARI,CAÑETE,CHILCA
6006,Plantel Pch 8 - B,1,CAR. PANAMERICANA SUR KM. 66.5 PLAYA SAN PEDRO,CAÑETE,CHILCA
6007,Plantel H-05 - B,1,CAR. AUTOPISTA HUARANGAL KM. 3.5,LIMA,CARABAYLLO
6008,Plantel H-07 - B,1,MZA. C LOTE. 53 URB. EXPANSION CASABLANCA,LIMA,PACHACAMAC
6009,Plantel H-11 - B,1,CAR. PANAMERICANA SUR KM. 95 PLAYACHOCALLA,CAÑETE,ASIA
6010,Plantel H-16,1,MZA. D LOTE. 95 PARCELACION CASABLANCA,LIMA,PACHACAMAC
6011,Plantel H-17,1,CAR. PANAMERICANA SUR KM. 129 QUEBRADA DE IHUANCO,CAÑETE,CERRO AZUL
6012,Plantel H-22 - B,1,CAR. PANAMERICANA SUR KM. 113,CAÑETE,ASIA
6013,Plantel H-23,1,CAR. ANTIGUA PANAMERICANA SUR KM. 86 PAMPA SANTA ROSA,CAÑETE,MALA
6014,Plantel A5 Mala huevos,1,CAR. ANTIGUA PANAMERICANA SUR KM. 86 PAMPA LUMBRERAS,CAÑETE,MALA
6015,Plantel 125 huevos - B,1,CAR. PANAMERICANA SUR KM. 108 (NESVIC),CAÑETE,ASIA
6016,Plantel 241,1,CAR. PANAMERICANA NORTE KM. 118,HUAURA,HUACHO
6017,Plantel 6,1,CAR. PANAMERICANA SUR KM. 67.4 PLAYA SAN PEDRO (AGROPECUARIA SAN NICOLAS),CAÑETE,CHILCA
6018,Plantel 16,1,CAR. PANAMERICANA SUR KM. 65.8 PLAYA SAN PEDRO (AGROPECUARIA SAN NICOLAS),CAÑETE,CHILCA
6019,Plantel 25,1,CAR. PANAMERICANA SUR KM. 52 QUEBRADA CARACOL (AVICOLA DON BRUNO),LIMA,SANTA MARIA DEL MAR
6020,Plantel 42,1,CAR. PANAMERICANA SUR KM. 119,CAÑETE,CERRO AZUL
6021,Plantel 44,1,CAR. PANAMERICANA SUR KM. 51 QUEBRADA LOS PERDIDOS (SERVICIOS GENERALES DEL SUR),LIMA,SAN BARTOLO
6022,Plantel 046,1,CAR. PANAMERICANA SUR KM. 118,CAÑETE,CERRO AZUL
6023,Plantel 47,1,CAR. PANAMERICANA SUR KM. 51.4 PAMPAS SAN BARTOLO (SERVICIOS GENERALESDEL SUR),LIMA,SAN BARTOLO
6024,Plantel 86 - B,1,NO UBICADO,LIMA,PACHACAMAC
6025,Plantel PV 6 pollos - B,1,CAR. PANAMERICANA SUR KM. 104 LOS PAREDONES,CAÑETE,ASIA
6026,Plantel 101,1,CAR. PANAMERICANA SUR KM. 50.2,CAÑETE,CHILCA
6027,Plantel 102 - B,1,CAR. PANAMERICANA SUR KM. 50.5,CAÑETE,CHILCA
6028,Plantel 103,1,CAR. PANAMERICANA SUR KM. 48.5,CAÑETE,CHILCA
6029,Plantel 106 - B,1,CAR. PANAMERICANA SUR KM. 48.7 PAMPAS SAN BARTOLO,LIMA,SAN BARTOLO
6030,Plantel 120,1,CAR. A CANTA KM. 38 (NESVIC),CANTA,SANTA ROSA DE QUIVES
6031,Plantel 121,1,CAR. A TRAPICHE KM. 40 (NESVIC),CANTA,SANTA ROSA DE QUIVES
6032,Plantel 123,1,CAR. A CANTA KM. 38.5 (NESVIC),CANTA,SANTA ROSA DE QUIVES
6033,Plantel 125,1,CAR. PANAMERICANA SUR KM. 108 (NESVIC),CAÑETE,ASIA
6034,Plantel 126,1,CAR. PANAMERICANA SUR KM. 108. (NESVIC),CAÑETE,ASIA
6035,Plantel 127 - B,1,CAR. PANAMERICANA SUR KM. 111 GRANJA SARAPAMPA (PAMPA SARAPAMPA - KM-111.5),CAÑETE,ASIA
6036,Plantel 128,1,CAR. PANAMERICANA SUR KM. 72,CAÑETE,SANTA CRUZ DE FLORES
6037,Plantel 130,1,CAR. PANAMERICANA SUR KM. 78,CAÑETE,SAN ANTONIO
6038,Plantel 131,1,CAR. PANAMERICANA SUR KM. 78 (NESVIC),CAÑETE,SAN ANTONIO
6039,Granja exp-valientes,1,AV. LOS HORIZONTES MZA. G LOTE. 29URB. SAN JUAN BAUTISTA,LIMA,CHORRILLOS
6040,Plantel 152 - B,1,CAR. PANAMERICANA SUR KM. 61 LAS SALINAS (JAIME SEGOVIA OTERO),CAÑETE,CHILCA
6041,Plantel 154 - B,1,CAR. PANAMERICANA SUR KM. 67 SAN HILARION,CAÑETE,CHILCA
6042,Plantel 180,1,CAR. A CANTA KM. 39.5 (SERVICRIANZADEL SUR),CANTA,SANTA ROSA DE QUIVES
6043,Plantel 183,1,CAR. PANAMERICANA SUR KM. 280 (SERVICRIANZA DEL SUR),ICA,SALAS
6044,Plantel 184,1,CAR. PANAMERICANA SUR KM. 239 (SERVICRIANZA DEL SUR),PISCO,SAN ANDRES
6045,Plantel 185 - B,1,CAR. PANAMERICANA SUR KM. 282 (SERVICRIANZA DEL SUR),ICA,SALAS
6046,Plantel 186,1,CAR. PANAMERICANA SUR KM. 224 (SERVICRIANZA DEL SUR),PISCO,SAN CLEMENTE
6047,Plantel 187 - B,1,CAR. PANAMERICANA SUR KM. 281 (SERVICRIANZA DEL SUR),ICA,SALAS
6048,Plantel 188 - B,1,CAR. PANAMERICANA SUR KM. 284 (SERVICRIANZA DEL SUR),ICA,SALAS
6049,Plantel 191 (ex-tranquera),1,CAR. ANTIGUA PANAMERICANA SUR KM. 0SECTOR MAMACONA,LIMA,LURIN
6050,Plantel 201,1,CAR. RIO SECO KM. 20 PAMPA HUANCAYO(IRRIGACION STA ROSA),HUAURA,SAYAN
6051,Plantel 202,1,CAR. RIO SECO KM. 20 PAMPA HUANCAYO(IRRIGACION STA. ROSA),HUAURA,SAYAN
6052,Plantel 203 - B,1,RIO SECO KM. 20 PAMPA HUANCAYO (IRRIGACION STA.ROSA),HUAURA,SAYAN
6053,Plantel 204,1,CAR. PANAMERICANA NORTE KM. 121 PAMPA TRIGALES,HUAURA,SAYAN
6054,Plantel 205,1,CAR. PANAMERICA NORTE KM. 121 PAMPATRIGALES,HUAURA,SAYAN
6055,Plantel 206,1,CAR. PANAMERICANA NORTE KM. 121 PAMPA TRIGALES,HUAURA,SAYAN
6056,Plantel 207 - B,1,NO UBICADO,HUARAL,HUARAL
6057,Plantel 208,1,CAR. HUARAL RIO SECO SAYAN KM. 8 PAMPA LUCHIHUASI,HUARAL,HUARAL
6058,Plantel 209,1,CAR. HUARAL RIO SECO SAYAN KM. 8 PAMPA LUCHIHUASI,HUARAL,HUARAL
6059,Plantel 210,1,CAR. HUARAL RIO SECO SAYAN KM. 8 PAMPA LUCHIHUASI,HUARAL,HUARAL
6060,Plantel 211,1,CAR. HUARAL RIO SECO SAYAN KM. 8 PAMPA LUCHIHUASI,HUARAL,HUARAL
6061,Plantel 212,1,CAR. HUARAL RIO SECO SAYAN KM. 8 PAMPA LUCHIHUASI,HUARAL,HUARAL
6062,Plantel 213,1,NRO. S/N PAMPA JAGUAY (RIO SECO-SAYAN ALT DEL KM 12 CARR.HUARAL),HUARAL,HUARAL
6063,Plantel 214,1,NRO. S/N PAMPA JAGUAY (RIO SECO-SAYAN ALT KM 12 CARR.HUARAL),HUARAL,HUARAL
6064,Plantel 215,1,NRO. S/N PAMPA JAGUAY (RIO SECO-SAYAN ALT KM12 CARR.HUARAL.),HUARAL,HUARAL
6065,Plantel 216,1,NRO. S/N PAMPA JAGUAY (RIO SECO-SAYAN ALT KM12 CARR.HUARAL),HUARAL,HUARAL
6066,Plantel 217,1,NRO. S/N PAMPA JAGUAY (RIO SECO-SAYAN ALT KM 12 CARR.HUARAL),HUARAL,HUARAL
6067,Plantel 218 - B,1,NRO. S/N PAMPA JAGUAY (RIO SECO-SAYAN ALT KM 12 CARR.HUARAL),HUARAL,HUARAL
6068,Plantel 220,1,MZA. 0 LOTE. 9 SECCION VICTORIA,HUARAL,HUARAL
6069,Plantel 236,1,CAR. PAN. NORTE KM. 118 LOMAS DE VINAGRILLO (AGROPECUARIA RIO MAR),HUAURA,HUACHO
6070,Plantel 237 - B,1,KM. 0 PAMPA DE LA ESPERANZA,HUARAL,HUARAL
6071,Plantel 238,1,CAR. PANAMERICANA NORTE KM. 115. PAMPA VINAGRILLO (KM. 115.5 AGROPECUARIA VALERIA),HUAURA,HUACHO
6072,Plantel 239,1,CAR. PANAMERICANA NORTE KM. 120,HUAURA,HUACHO
6073,Plantel 240,1,CAR. PANAMERICANA NORTE KM. 120.,HUAURA,HUACHO
6074,Plantel 242 - B,1,CAR. PANAMERICANA NORTE KM. 98,HUARAL,CHANCAY
6075,Plantel 243 - B,1,CAR. PANAMERICANA NORTE KM. 98.5,HUARAL,CHANCAY
6076,Plantel 245,1,CAR. PANAMERICANA NORTE KM. 104 PAMPA DOÑA MARIA,HUAURA,HUACHO
6077,Plantel 246,1,CAR. PANAMERICANA NORT KM. 120,HUAURA,HUACHO
6078,Plantel 247,1,CAR. PANAMERICANA NORTE KM. 113. PAMPA VINAGRILLO,HUARAL,CHANCAY
6079,Plantel 248,1,CAR. CABUYAL KM. 13.2 PAMPA CUCHICORRAL (EVELYN SERVICE),HUARAL,HUARAL
6080,Plantel 249,1,IRRIGACION SANTA ROSA KM. 0 COO. MARGARET,HUAURA,SAYAN
6081,Plantel 250,1,CAR. PANAMERICANA NORTE KM. 101 OVALO RIO SECO,HUARAL,HUARAL
6082,Plantel 251,1,CAR. PANAMERICANA NORTE KM. 102 OVALO RIO SECO,HUARAL,HUARAL
6083,Plantel 252,1,CAR. PANAMERICANA NORTE KM. 151 VEGUETA TIROLER,HUAURA,HUACHO
6084,Plantel 253,1,CAR. PANAMERICANA NORTE KM. 150 VEGUETA TIROLER (GRANJA TOSHI),HUARAL,HUARAL
6085,Plantel 254,1,CAR. PANAMERICANA NORTE KM. 104 OVALO RIO SECO,HUARAL,HUARAL
6086,Plantel 255,1,CAR. PANAMERICANA NORTE KM. 104 VINA GRILLO (GRANJA ANDREA),HUARAL,HUARAL
6087,Plantel 256,1,CAR. PANAMERICANA NORTE KM. 151 TIROLER VEGUETA (GRANJA TOSHI),HUAURA,HUACHO
6088,Plantel 257,1,CAR. PANAMERICANA NORTE KM. 168 PEDRO RANDO,HUAURA,HUACHO
6089,Plantel 258,1,CAR. PANAMERICANA NORTE KM. 103 RIOSECO (AVICOLA SNTA VICTORIA),HUARAL,HUARAL
6090,Plantel 259,1,CAR. PANAMERICANA NORTE KM. 112 PAMPA VINAGRILLO (GRANJA ANDREA),HUARAL,CHANCAY
6091,Plantel 260,1,CAR. PANAMERICANA NORTE KM. 116 PAMPA VINAGRILLO,HUARAL,CHANCAY
6092,Plantel 261,1,CAR.PANAMERICANA NORTE NRO. S/N KM. 114 PANAMERICANA NORTE (A LA ALTURA DEL KM 114),HUAURA,HUACHO
6093,Plantel 262,1,CAR. PANAMERICANA NORTE KM. 115 PAMPA VINAGRILLO,HUARAL,CHANCAY
6094,Plantel 263,1,CAR. PANAMERICANA NORTE KM. 117 PAMPA VINAGRILLO,HUARAL,CHANCAY
6095,Plantel 264,1,CAR. PANAMERICANA NORTE KM. 118 LOMAS VINAGRILLO,HUARAL,CHANCAY
6096,Plantel 265,1,CAR. PANAMERICANA NORTE KM. 104 RIOSECO (AVICOLA SANTA VICTORIA),HUARAL,HUARAL
6097,Plantel 266,1,CAR. HUARAL KM. 3.7 (HAWAI GRANJA),HUARAL,HUARAL
6098,Plantel 267,1,CAR. PANAMERICANA KM. 99.7 RIO SECOHATILLO,HUARAL,HUARAL
6099,Plantel 268,1,CAR. PANAMERICANA NORTE KM. 101 RIOSECO HATILLO (AGROGUAYABITO),HUARAL,HUARAL
6100,Plantel 269,1,CAR. PANAMERICANA KM. 99.7 RIO SECOHATILLO,HUARAL,HUARAL
6101,Plantel 270,1,CAR. A HUARAL KM. 3 HAWAI (AGROGUAYABITO),HUARAL,HUARAL
6102,Plantel 271,1,CAR. PANAMERICANA NORTE KM. 99.7 (RIO SECO HUANCHACO),HUARAL,HUARAL
6103,Plantel 272,1,CAR. PANAMERICANA NORTE KM. 99.7 (RIO SECO HUANCHACO),HUARAL,HUARAL
6104,Plantel 273,1,CAR. PANAMERICANA NORTE KM. 99.7 (RIO SECO HUANCHACO),HUARAL,HUARAL
6105,Plantel 274,1,CAR. PANAMERICANA NORTE KM. 99.7 (RIO SECO HUANCHACO),HUARAL,HUARAL
6106,Plantel 275,1,CAR. A HUARAL KM. 3.3 HAWAI (AGROGUAYABITO),HUARAL,HUARAL
6107,Plantel 276,1,CAR. SAYAN KM. 8.7 (HAWAI GRANJA),HUARAL,HUARAL
6108,Plantel 277,1,CAR. A HUARAL KM. 6 HAWAI (AGROGUAYABITO),HUARAL,HUARAL
6109,Plantel 278,1,CAR. PANAMERICANA NORTE KM. 118 PAMPA VINAGRILLO,HUARAL,CHANCAY
6110,Plantel 279,1,CAR. PANAMERICANA NORTE KM. 119 PAMPA VINAGRILLO,HUARAL,CHANCAY
6111,Plantel 280 - B,1,CAR. BANOS BOZA KM. 9.7 PAMPA CANARIO (CORPORACION GANADERA),HUARAL,AUCALLAMA
6112,Plantel 281 - B,1,CAR. BANOS BOZA KM. 10.4 PAMPA CANARIO (CORPORACION GANADERA),HUARAL,AUCALLAMA
6113,Plantel 282 - B,1,CAR. BANOS BOZA KM. 10.9 PAMPA CANARIO,HUARAL,AUCALLAMA
6114,Plantel 283 - B,1,CAR. BANOS BOZA KM. 11.5 PAMPA CANARIO (CORPORACION GANADERA),HUARAL,AUCALLAMA
6115,Plantel 284 - B,1,CAR. BANOS BOZA KM. 12.3 PAMPA CANARIO (CORPORACION GANADERA),HUARAL,AUCALLAMA
6116,Plantel 285 - B,1,CAR. PASANDO HUANDO KM. 15 ZONA PALPA (CORPORACION GANADERA),HUARAL,AUCALLAMA
6117,Plantel 286 - B,1,CAR. PALPA KM. 16 QUEBRADA PISQUILLO (CORPORACION GANADERA),HUARAL,AUCALLAMA
6118,Plantel 287 - B,1,CAR. PALPA KM. 15.6 QUEBRADA PISQUILLO (CORPORACION GANADERA),HUARAL,AUCALLAMA
6119,Plantel 288 - B,1,CAR. CAQUI AL ESTE KM. 9.2 PAMPA HERMOZA (CORPORACION GANADERA),HUARAL,AUCALLAMA
6120,Plantel 290,1,NRO. SN ASOC. VIRGEN DE FATIMA (LOTE 62  63  55 SECTOR TIROLER),HUAURA,VEGUETA
6121,Plantel 291,1,CAR. PANAMERICANA NORTE NRO. SN (KM. 213.5 PAMPAS PORVENIR),BARRANCA,PARAMONGA
6122,Plantel 292,1,CAR. PANAMERICANA NORTE NRO. SN (KM. 213.5 PAMPAS PORVENIR),BARRANCA,PARAMONGA
6123,Plantel 293,1,CAR. PANAMERICANA NORTE KM. 158 (GRANJA TOSHI),HUAURA,VEGUETA
6124,Plantel 294,1,HUALLAN NRO. -- SECTOR HUEREQUEQUE(GRANJA VIRGEN DEL CARMEN),HUARAL,HUARAL
6125,Plantel 296,1,CAR. CABUYAL KM. 16.2 (LA ESPERANZA),HUARAL,HUARAL
6126,Plantel 297,1,CAR. CABUYAL KM. 16.2 LA ESPERANZA(CORPORACION GANADERA),HUARAL,HUARAL
6127,Plantel 298,1,CAR. CABUYAL KM. 15.3 LA ESPERANZA(CORPORACION GANADERA),HUARAL,HUARAL
6128,Plantel 299,1,CAR. CERRETERA HUARAL ACOS KM. 10 SECTOR HUAYAN,HUARAL,HUARAL
6129,Plantel 304 - B,1,CAR. PANAMERICANA SUR KM. 280 (SERVICRIANZA DEL SUR),ICA,SALAS
6130,Plantel 310 - B,1,CAR. PANAMERICANA SUR KM. 72,CAÑETE,SANTA CRUZ DE FLORES
6131,Plantel 312 - B,1,CAR. PANAMERICANA SUR KM. 70,CAÑETE,SANTA CRUZ DE FLORES
6132,Plantel 350,1,CAR. PANAMERICANA KM. 219,PISCO,SAN CLEMENTE
6133,Plantel 351,1,CAR. PANAMERICANA KM. 219,PISCO,SAN CLEMENTE
6134,Plantel 352,1,CAR. PANAMERICANA KM. 219,PISCO,SAN CLEMENTE
6135,Plantel 353,1,CAR. PANAMERICANA KM. 219,PISCO,SAN CLEMENTE
6136,Plantel 354,1,CAR. PANAMERICANA KM. 219,PISCO,SAN CLEMENTE
6137,Plantel 355,1,CAR. PANAMERICANA KM. 219,PISCO,SAN CLEMENTE
6138,Plantel 356,1,CAR. PANAMERICANA KM. 219,PISCO,SAN CLEMENTE
6139,Plantel 357,1,CAR. PANAMERICANA KM. 219,PISCO,SAN CLEMENTE
6140,Plantel 358,1,CAR. PANAMERICANA KM. 219,PISCO,SAN CLEMENTE
6141,Plantel 359,1,CAR. PANAMERICANA KM. 219,PISCO,SAN CLEMENTE
6142,Plantel 360,1,CAR. PANAMERICANA KM. 219,PISCO,SAN CLEMENTE
6143,Plantel 361,1,CAR. PANAMERICANA SUR KM. 204 PAMPAMENDOZA,CHINCHA,EL CARMEN
6144,Plantel 363,1,CAR. PANAMERICANA SUR KM. 262 (PAMPA DE VILLACURI),ICA,SALAS
6145,Plantel 364,1,SIN NOMBRE NRO. S/N (VALLE-HUAURA SAYAN UC11474. ALT.KM124.5),HUAURA,SAYAN
6146,Plantel 365,1,SECTOR DE VENTUROSA NRO. S/N (PREDIO VENTUROSA BAJA UCN10893),BARRANCA,SUPE
6147,Plantel 366,1,CAR. PANAMERICANA SUR KM. 340 (GRANJI - PERU),ICA,OCUCAJE
6148,Plantel 369,1,CAR. PANAMERICANA SUR KM. 272 URB.DANIELA,ICA,SALAS
6149,Plantel 370,1,CAR. PANAMERICANA SUR KM. 263 URB. VILLACURI (FUNDO MASTODONTE),ICA,SALAS
6150,Plantel 371,1,NRO. S/N LA RINCONADA (ALTURA KM.215 PANAMERICANA SUR),CHINCHA,CHINCHA BAJA
6151,Plantel 372,1,NRO. S/N LA RINCONADA (ALTURA KM. 216 PANAMERICANA SUR),CHINCHA,CHINCHA BAJA
6152,Plantel 373,1,NRO. S/N LA RINCONADA (ALTURA KM.217 PANAMERICANA SUR),CHINCHA,CHINCHA BAJA
6153,Plantel 374,1,CAR. PANAMERICANA SUR KM. 197 PAMPAÑOCO,CHINCHA,GROCIO PRADO
6154,Plantel 375,1,LATERAL 7 KM. 193 PAMPA DE ÑOCO (ALTURA DEL KM. 193.5 PANAMERICANA SUR),CHINCHA,CHINCHA ALTA
6155,Plantel 376,1,LATERAL 7 KM. 193 PAMPA DE ÑOCO (ALTURA DEL KM. 193.5 PANAMERICANA SUR),CHINCHA,CHINCHA ALTA
6156,Plantel 377,1,LATERAL 7 KM. 193 PAMPA DE ÑOCO (ALTURA DEL KM. 193.5 PANAMERICANA SUR),CHINCHA,CHINCHA ALTA
6157,Plantel 378,1,LATERAL 7 KM. 193 PAMPA DE ÑOCO (ALTURA DEL KM. 193.5 PANAMERICANA SUR),CHINCHA,CHINCHA ALTA
6158,Plantel 379,1,AV. PANAMERICANA SUR KM. 193 PAMPADE ÑOCO LATERAL 7 (KM 193.5),CHINCHA,CHINCHA ALTA
6159,Plantel 500,1,MZA. 0 LOTE. 9 SECCION VICTORIA,HUARAL,HUARAL
6160,Plantel PV 01 pollos - B,1,CAR. PANAMERICANA SUR KM. 64.4 LASSALINAS,CAÑETE,CHILCA
6161,Plantel PV 02 pollos - B,1,CAR. PANAMERICANA SUR KM. 67.2 PLAYA IÑAVE,CAÑETE,CHILCA
6162,Plantel PV 03 pollos - B,1,CAR. PANAMERICANA SUR KM. 69 STO DOMINGO DE LOS OLLERO,CAÑETE,CHILCA
6163,Plantel PV 12 pollos,1,CAR. PANAMERICANA SUR KM. 66.5 PLAYA SAN PEDRO,CAÑETE,CHILCA
6164,Plantel PV 17 pollos - B,1,CAR. PANAMERICANA SUR KM. 64.4 PLAYA SAN PEDRO,CAÑETE,CHILCA
6165,Plantel a5 Mala - B,1,CAR. ANTIGUA PANAMERICANA SUR KM. 86 PAMPA LUMBRERAS,CAÑETE,MALA
6166,Plantel b0 Asia,1,CAR. PANAMERICANA SUR KM. 98 SANTAROSA DE ASIA,CAÑETE,ASIA
6167,Plantel b1 Asia,1,CAR. PANAMERICANA SUR KM. 98 SANTAROSA DE ASIA,CAÑETE,ASIA
6168,Plantel b2 Asia,1,CAR. PANAMERICANA SUR KM. 98 SANTAROSA DE ASIA,CAÑETE,ASIA
6169,Plantel b3 Asia,1,CAR. PANAMERICANA SUR KM. 98 SANTAROSA DE ASIA,CAÑETE,ASIA
6170,Plantel b4 Asia,1,CAR. PANAMERICANA SUR KM. 98 SANTAROSA DE ASIA,CAÑETE,ASIA
6171,Plantel c0 Iwanco,1,CAR. SAYAN KM. 25 IRRIGACION SANTAROSA,HUAURA,SAYAN
6172,Plantel c1 Iwanco,1,CAR. SAYAN KM. 25 IRRIGACION SANTAROSA,HUAURA,SAYAN
6173,Plantel c2 Iwanco,1,CAR. SAYAN KM. 25 IRRIGACION SANTAROSA,HUAURA,SAYAN
6174,Plantel c3 Iwanco,1,CAR. SAYAN KM. 25 IRRIGACION SANTAROSA,HUAURA,SAYAN
6175,Plantel c4 Iwanco,1,CAR. SAYAN KM. 25 IRRIGACION SANTAROSA,HUAURA,SAYAN
6176,Plantel c5 Iwanco,1,CAR. SAYAN KM. 25 IRRIGACION SANTAROSA,HUAURA,SAYAN
6177,Plantel c6 Iwanco,1,CAR. SAYAN KM. 25 IRRIGACION SANTAROSA,HUAURA,SAYAN
6178,Plantel c7 Iwanco,1,CAR. SAYAN KM. 25 IRRIGACION SANTAROSA,HUAURA,SAYAN
6179,Plantel c8 Iwanco,1,CAR. SAYAN KM. 25 IRRIGACION SANTAROSA,HUAURA,SAYAN
6180,Plantel c9 Iwanco,1,CAR. SAYAN KM. 25 IRRIGACION SANTAROSA,HUAURA,SAYAN
6181,Plantel d0 Tutumo,1,CAR. PANAMERICANA SUR KM. 83 (CARRETERA A CALANGO KM 10),CAÑETE,CALANGO
6182,Plantel d1 Tutumo,1,CAR. PANAMERICANA SUR KM. 83 (CARRETERA A CALANGO KM 10),CAÑETE,CALANGO
6183,Plantel d2 Tutumo,1,CAR. PANAMERICANA SUR KM. 83 (CARRETERA A CALANGO KM 10),CAÑETE,CALANGO
6184,Plantel d3 Tutumo,1,CAR. PANAMERICANA SUR KM. 83 (CARRETERA A CALANGO KM 10),CAÑETE,CALANGO
6185,Plantel d4 Tutumo - B,1,CAR. PANAMERICANA SUR KM. 83 (CARRETERA A CALANGO KM 10),CAÑETE,CALANGO
6186,Plantel d5 Tutumo,1,CAR. PANAMERICANA SUR KM. 83 (CARRETERA A CALANGO KM 10),CAÑETE,CALANGO
6187,Plantel e0 San pedro,1,CAR. PANAMERICANA SUR KM. 95.5,CAÑETE,ASIA
6188,Plantel e1 San pedro,1,CAR. PANAMERICANA SUR KM. 95.5,CAÑETE,ASIA
6189,Plantel e2 San pedro,1,CAR. PANAMERICANA SUR KM. 95.5,CAÑETE,ASIA
6190,Plantel e3 San pedro,1,CAR. PANAMERICANA SUR KM. 95.5,CAÑETE,ASIA
6191,Plantel e4 San pedro,1,CAR. PANAMERICANA SUR KM. 95.5,CAÑETE,ASIA
6192,Plantel e5 San pedro,1,CAR. PANAMERICANA SUR KM. 95.5,CAÑETE,ASIA
6193,Plantel e6 San pedro,1,CAR. PANAMERICANA SUR KM. 95.5,CAÑETE,ASIA
6194,Plantel e7 San pedro,1,CAR. PANAMERICANA SUR KM. 95.5,CAÑETE,ASIA
6195,Plantel e8 San pedro,1,CAR. PANAMERICANA SUR KM. 95.5,CAÑETE,ASIA
6196,Plantel e9 San pedro,1,CAR. PANAMERICANA SUR KM. 95.5,CAÑETE,ASIA
6197,Plantel f1 Cigueña - B,1,KM. 0 PAMPA LOS PERROS (CORPORACIONGANADERA),HUARAL,AUCALLAMA
6198,Plantel f2 Cigueða - B,1,KM. 0 PAMPA LOS PERROS (CORPORACIONGANADERA),HUARAL,AUCALLAMA
6199,Plantel f3 Cigueða - B,1,KM. 0 PAMPA LOS PERROS (CORPORACIONGANADERA),HUARAL,AUCALLAMA
6200,Plantel f4 Cigueða - B,1,KM. 0 PAMPA LOS PERROS (CORPORACIONGANADERA),HUARAL,AUCALLAMA
6201,Plantel g1 granja san martin B,1,CAR. PANAMERICANA SUR KM. 263 PAMPAVILLACURI (CORPORACION GANADERA),ICA,SALAS
6202,Plantel I0 Ica,1,CAR. ICA A CARHUAS KM. 13.7 PAMPA BIOCOCHINOS (SERVICRIANZA DEL SUR),ICA,ICA
6203,Plantel I1 Ica,1,CAR. ICA A CARHUAS KM. 13.7 PAMPA BIOCOCHINOS (SERVICRIANZA DEL SUR),ICA,ICA
6204,Plantel I2 Ica,1,CAR. ICA A CARHUAS KM. 14.2 PAMPA BIOCOCHINOS (SERVICRIANZA DEL SUR),ICA,ICA
6205,Plantel I3 Ica,1,CAR. ICA A CARHUAS KM. 14.8 PAMPA BIOCOCHINOS (SERVICRIANZA DEL SUR),ICA,ICA
6206,Plantel I5 Ica - B,1,CAR. PANAMERICANA SUR KM. 273 (SERVICRIANZA DEL SUR),ICA,SALAS
6207,Plantel J0 Supe,1,NRO. S/N PAMPA HERMOZA (COD.CATASTRAL 14324 Y 12559 ALT. KM.188),BARRANCA,SUPE
6208,Plantel I7 Ica,1,CAR. ICA A CARHUAS KM. 14.8 PAMPA BIOCOCHINOS (SERVICRIANZA DEL SUR),ICA,ICA
6209,Plantel I8 Ica,1,CAR. ICA A CARHUAS KM. 14.8 PAMPA BIOCOCHINOS (SERVICRIANZA DEL SUR),ICA,ICA
6210,Plantel J1 Supe,1,NRO. S/N PAMPA HERMOZA (COD.CATASTRAL 14324 Y 12559 ALT. KM.188),BARRANCA,SUPE
6211,Plantel J2 Supe,1,NRO. S/N PAMPA HERMOZA (COD.CATASTRAL 14324 Y 12559 ALT. KM.188),BARRANCA,SUPE
6212,Plantel K1 Santa rosa - B,1,CAR. ANTIGUA PANAMERICANA SUR KM. 86 PAMPA SANTA ROSA,CAÑETE,MALA
6213,Plantel K3 Santa rosa - B,1,CAR. ANTIGUA PANAMERICANA SUR KM. 86 PAMPA SANTA ROSA,CAÑETE,MALA
6214,Plantel l0 Con con,1,CAR. PANAMERICANA SUR KM. 155 QUEBRADA CON CON,CAÑETE,LUNAHUANA
6215,Plantel l1 Con con,1,CAR. PANAMERICANA SUR KM. 155 QUEBRADA CON CON,CAÑETE,LUNAHUANA
6216,Plantel l2 Con con,1,CAR. PANAMERICANA SUR KM. 155 QUEBRADA CON CON,CAÑETE,LUNAHUANA
6217,Plantel l3 Con con,1,CAR. PANAMERICANA SUR KM. 155 QUEBRADA CON CON,CAÑETE,LUNAHUANA
6218,Plantel l4 Con con,1,CAR. PANAMERICANA SUR KM. 155 QUEBRADA CON CON,CAÑETE,LUNAHUANA
6219,Plantel l5 Con con,1,CAR. PANAMERICANA SUR KM. 155 QUEBRADA CON CON,CAÑETE,LUNAHUANA
6220,Plantel l6 Con con,1,CAR. PANAMERICANA SUR KM. 155 QUEBRADA CON CON,CAÑETE,LUNAHUANA
6221,Plantel M0 Huarmey,1,CAR. PANAMERICANA NORTE KM. 300,HUARMEY,HUARMEY
6222,Plantel M1 Huarmey,1,CAR. PANAMERICANA NORTE KM. 300,HUARMEY,HUARMEY
6223,Plantel M2 Huarmey,1,CAR. PANAMERICANA NORTE KM. 300,HUARMEY,HUARMEY
6224,Plantel M3 Huarmey,1,CAR. PANAMERICANA NORTE KM. 300,HUARMEY,HUARMEY
6225,Plantel M4 Huarmey,1,CAR. PANAMERICANA NORTE KM. 300,HUARMEY,HUARMEY
6226,Plantel M5 Huarmey,1,CAR. PANAMERICANA NORTE KM. 300,HUARMEY,HUARMEY
6227,Plantel M6 Huarmey,1,CAR. PANAMERICANA NORTE KM. 300,HUARMEY,HUARMEY
6228,Plantel M7 Huarmey,1,CAR. PANAMERICANA NORTE KM. 300,HUARMEY,HUARMEY
6229,Plantel M8 Huarmey,1,CAR. PANAMERICANA NORTE KM. 300,HUARMEY,HUARMEY
6230,Plantel M9 Huarmey,1,CAR. PANAMERICANA NORTE KM. 300,HUARMEY,HUARMEY
6231,PlaNtel N0 Soxa-coayllo,1,CAR. COAYLLO KM. 0 PAMPA SOXA,CAÑETE,COAYLLO
6232,PlaNtel N1 Soxa-coayllo,1,CAR. COAYLLO KM. 0 PAMPA SOXA,CAÑETE,COAYLLO
6233,PlaNtel N2 Soxa-coayllo,1,CAR. COAYLLO KM. 0 PAMPA SOXA,CAÑETE,COAYLLO
6234,PlaNtel N3 Soxa-coayllo,1,CAR. COAYLLO KM. 0 PAMPA SOXA,CAÑETE,COAYLLO
6235,PlaNtel N4 Soxa-coayllo,1,CAR. COAYLLO KM. 0 PAMPA SOXA,CAÑETE,COAYLLO
6236,Plantel O0 Sarapampa,1,CAR. PANAMERICANA SUR KM. 111 GRANJA SARAPAMPA (PAMPA SARAPAMPA - KM-111.5),CAÑETE,ASIA
6237,Plantel O1 Sarapampa - B,1,CAR. PANAMERICANA SUR KM. 97.5 SECTOR ESQUINA ASIA,CAÑETE,ASIA
6238,Plantel O2 Sarapampa,1,CAR. PANAMERICANA SUR KM. 111 GRANJA SARAPAMPA (PAMPA SARAPAMPA - KM-111.5),CAÑETE,ASIA
6239,Plantel O3 Sarapampa,1,CAR. PANAMERICANA SUR KM. 111 GRANJA SARAPAMPA (PAMPA SARAPAMPA - KM-111.5),CAÑETE,ASIA
6240,Plantel Q1 San Lucas-Coayllo-B,1,CAR. COAYLLO KM. 0 PAMPA SAN LUCAS,CAÑETE,COAYLLO
6241,Plantel S0 Millay,1,CAR. ANTIGUA PANAMERICANA SUR KM. 84 (CARRETERA A CALANGO KM.13),CAÑETE,CALANGO
6242,Plantel S1 Millay,1,CAR. ANTIGUA PANAMERICANA SUR KM. 84 (CARRETERA A CALANGO KM.13),CAÑETE,CALANGO
6243,Plantel S2 Millay,1,CAR. ANTIGUA PANAMERICANA SUR KM. 84 (CARRETERA A CALANGO KM.13),CAÑETE,CALANGO
6244,Plantel S3 Millay,1,CAR. ANTIGUA PANAMERICANA SUR KM. 84 (CARRETERA A CALANGO KM.13),CAÑETE,CALANGO
6245,Plantel S4 Millay,1,CAR. ANTIGUA PANAMERICANA SUR KM. 84 (CARRETERA A CALANGO KM.13),CAÑETE,CALANGO
6246,Plantel S5 Millay,1,CAR. ANTIGUA PANAMERICANA SUR KM. 84 (CARRETERA A CALANGO KM.13),CAÑETE,CALANGO
6247,Plantel S6 Millay,1,CAR. ANTIGUA PANAMERICANA SUR KM. 84 (CARRETERA A CALANGO KM.13),CAÑETE,CALANGO
6248,Plantel W0 Vilcahuaura,1,NRO. S/N CP VILCAHUAURA (QUEBRADA RIO SECO SECTOR LAS CASUARINAS),HUAURA,HUAURA
6249,Plantel W1 Vilcahuaura,1,NRO. S/N CP VILCAHUAURA (QUEBRADA RIO SECO SECTOR LAS CASUARINAS),HUAURA,HUAURA
6250,Plantel W2 Vilcahuaura,1,NRO. S/N CP VILCAHUAURA (QUEBRADA RIO SECO SECTOR LAS CASUARINAS),HUAURA,HUAURA
6251,Plantel W3 Vilcahuaura,1,NRO. S/N CP VILCAHUAURA (QUEBRADA RIO SECO SECTOR LAS CASUARINAS),HUAURA,HUAURA
6252,Plantel C10 IwanCo,1,CAR. SAYAN KM. 25 IRRIGACION SANTAROSA,HUAURA,SAYAN
6253,Plantel C11 IwanCo,1,CAR. SAYAN KM. 25 IRRIGACION SANTAROSA,HUAURA,SAYAN
6254,Plantel C12 IwanCo,1,CAR. SAYAN KM. 25 IRRIGACION SANTAROSA,HUAURA,SAYAN
6255,Plantel C14 IwanCo,1,CAR. SAYAN KM. 25 IRRIGACION SANTAROSA,HUAURA,SAYAN
6256,Plantel C15 IwanCo,1,CAR. SAYAN KM. 25 IRRIGACION SANTAROSA,HUAURA,SAYAN
6257,Plantel C16 IwanCo,1,CAR. SAYAN KM. 25 IRRIGACION SANTAROSA,HUAURA,SAYAN
6258,Plantel C17 IwanCo,1,CAR. SAYAN KM. 25 IRRIGACION SANTAROSA,HUAURA,SAYAN
6259,Plantel E10 San pedro,1,CAR. PANAMERICANA SUR KM. 95.5,CAÑETE,ASIA
6260,Plantel E11 San pedro,1,CAR. PANAMERICANA SUR KM. 95.5,CAÑETE,ASIA
6261,Plantel E12 San pedro,1,CAR. PANAMERICANA SUR KM. 95.5,CAÑETE,ASIA
6262,Plantel E14 San pedro,1,CAR. PANAMERICANA SUR KM. 95.5,CAÑETE,ASIA
6263,Plantel M11 Huarmey,1,CAR. PANAMERICANA NORTE KM. 300,HUARMEY,HUARMEY
6264,Plantel PV 01 - B,1,CAR. PANAMERICANA SUR KM. 64.4 LASSALINAS,CAÑETE,CHILCA
6265,Plantel PV 02,1,CAR. PANAMERICANA SUR KM. 67.2 PLAYA IÑAVE,CAÑETE,CHILCA
6266,Plantel PV 4c,1,CAR. PANAMERICANA SUR KM. 98 SANTAROSA DE ASIA,CAÑETE,ASIA
6267,Plantel PV 06,1,CAR. PANAMERICANA SUR KM. 104 LOS PAREDONES,CAÑETE,ASIA
6268,Plantel PV 10,1,CAR. PANAMERICANA SUR KM. 98 SANTAROSA DE ASIA,CAÑETE,ASIA
6269,Plantel PV 19,1,CAR. PANAMERICANA KM. 219,PISCO,SAN CLEMENTE
6270,Plantel PV 12,1,CAR. PANAMERICANA SUR KM. 66.5 PLAYA SAN PEDRO,CAÑETE,CHILCA
6271,Plantel 16 pavos - B,1,CAR. PANAMERICANA SUR KM. 65.8 PLAYA SAN PEDRO (AGROPECUARIA SAN NICOLAS),CAÑETE,CHILCA
6272,Plantel PV 17,1,CAR. PANAMERICANA SUR KM. 64.4 PLAYA SAN PEDRO,CAÑETE,CHILCA
6273,Plantel PV 18,1,VALLE ASIA OMAS NRO. S/N SECTOR QUILMANA RIO SECO (ALTURA CARRET.PAN.SUR KM. 101),CAÑETE,COAYLLO
6274,Plantel 25 pavos,1,CAR. PANAMERICANA SUR KM. 52 QUEBRADA CARACOL (AVICOLA DON BRUNO),LIMA,SANTA MARIA DEL MAR
6275,Plantel 44 pavos,1,CAR. PANAMERICANA SUR KM. 51 QUEBRADA LOS PERDIDOS (SERVICIOS GENERALES DEL SUR),LIMA,SAN BARTOLO
6276,Plantel 47 pavos,1,CAR. PANAMERICANA SUR KM. 51 QUEBRADA LOS PERDIDOS (SERVICIOS GENERALES DEL SUR),LIMA,SAN BARTOLO
6277,Plantel PV 4p,1,CAR. PANAMERICANA SUR KM. 98 SANTAROSA DE ASIA,CAÑETE,ASIA
6278,Plantel O1 sarapampa pavos,1,CAR. PANAMERICANA SUR KM. 97.5 SECTOR ESQUINA ASIA,CAÑETE,ASIA
6279,Plantel 6 pavos - B,1,CAR. PANAMERICANA SUR KM. 67.4 PLAYA SAN PEDRO (AGROPECUARIA SAN NICOLAS),CAÑETE,CHILCA
6280,Plantel 101 pavos,1,CAR. PANAMERICANA SUR KM. 50.2,CAÑETE,CHILCA
6281,Plantel 102 pavos,1,CAR. PANAMERICANA SUR KM. 50.5,CAÑETE,CHILCA
6282,Plantel 103 pavos,1,CAR. PANAMERICANA SUR KM. 48.5,CAÑETE,CHILCA
6283,Plantel PV 20,1,CAR. PANAMERICANA KM. 219,PISCO,SAN CLEMENTE
6284,Plantel 106 pavos - B,1,CAR. PANAMERICANA SUR KM. 48.7 PAMPAS SAN BARTOLO,LIMA,SAN BARTOLO
6285,Plantel 131 pavos - B,1,CAR. PANAMERICANA SUR KM. 78 (NESVIC),CAÑETE,SAN ANTONIO
6286,Plantel 152 pavos,1,CAR. PANAMERICANA SUR KM. 61 LAS SALINAS (JAIME SEGOVIA OTERO),CAÑETE,CHILCA
6287,Plantel 154 pavos,1,CAR. PANAMERICANA SUR KM. 67 SAN HILARION,CAÑETE,CHILCA
6288,Plantel 310 pavos - B,1,CAR. PANAMERICANA SUR KM. 72,CAÑETE,SANTA CRUZ DE FLORES
6289,Plantel 312 pavos - B,1,CAR. PANAMERICANA SUR KM. 70,CAÑETE,SANTA CRUZ DE FLORES
6290,Plantel I6 Ica,1,CAR. ICA A CARHUAS KM. 14.8 PAMPA BIOCOCHINOS (SERVICRIANZA DEL SUR),ICA,ICA
6291,Plantel R257,1,CAR. PANAMERICANA NORTE KM. 168 PEDRO RANDO,HUAURA,HUACHO
6292,Plantel 184 pavos - B,1,CAR. PANAMERICANA SUR KM. 239 (SERVICRIANZA DEL SUR),PISCO,SAN ANDRES
6293,Plantel 183 pavos - B,1,CAR. PANAMERICANA SUR KM. 280 (SERVICRIANZA DEL SUR),ICA,SALAS
6294,Plantel 295,1,CAR. PANAMERICA NORTE KM. 159. (KM.159.5 GRANJA TOSHI),HUAURA,VEGUETA
6295,Plantel B5 Asia,1,CAR. PANAMERICANA SUR KM. 98 SANTAROSA DE ASIA,CAÑETE,ASIA
6296,Plantel 130 pavos - B,1,CAR. PANAMERICANA SUR KM. 78,CAÑETE,SAN ANTONIO
6297,Plantel 380,1,NRO. S/N LOTE. 28 IRRIGACION PAMPASDE ÑOCO (LATERAL 15),CHINCHA,GROCIO PRADO
6298,Plantel 381,1,NRO. S/N QUEBRADA DE TOPARA (GALPON13),CHINCHA,GROCIO PRADO
6299,Plantel 382 - B,1,NRO. S/N QUEBRADA DE TOPARA (GALPON12),CHINCHA,GROCIO PRADO
6300,Plantel 362,1,CAR. PANAMERICANA SUR KM. 217 (PREDIO SAN CLEMENTE 2),PISCO,SAN CLEMENTE
6301,Plantel 48,1,CAR. PANAMERICANA SUR KM. 118. (KM.118.50),CAÑETE,CERRO AZUL
6302,Plantel I9 ICA,1,CAR. ICA A CARHUAS KM. 14.8 PAMPA BIOCOCHINOS (SERVICRIANZA DEL SUR),ICA,ICA
6303,Plantel R0 Ramadal,1,CAR. PANAMERICANA NORTE KM. 337 (QUEBRADA RAMADAL),CASMA,CASMA
6304,Plantel R1 Ramadal,1,CAR. PANAMERICANA NORTE KM. 337 (QUEBRADA RAMADAL),CASMA,CASMA
6305,Granja Malanche PCH 10,1,CAR. ANTIGUA PANAMERICANA SUR KM. 45,HUAROCHIRI,SANTO DOMINGO DE LOS OLLEROS
6306,Plantel 049,1,NRO. S/N FND. SAUL ANTONIO (ASOC AGROPECUARIA Y AVIC. NUEVO QUILMANA),CAÑETE,QUILMANA
6307,Plantel 367,1,CAR. PANAMERICANA SUR KM. 341 (GRANJA PERU),ICA,SANTIAGO
6308,Plantel R4 Ramadal,1,CAR. PANAMERICANA NORTE KM. 337 (QUEBRADA RAMADAL),CASMA,CASMA
6309,Plantel Q0 San Lucas-Coayllo-B,1,CAR. COAYLLO KM. 0 PAMPA SAN LUCAS,CAÑETE,COAYLLO
6310,Plantel R7 Ramadal,1,CAR. PANAMERICANA NORTE KM. 337 (QUEBRADA RAMADAL),CASMA,CASMA
6311,Plantel J4 Supe,1,NRO. S/N PAMPA HERMOZA (COD.CATASTRAL 14324 Y 12559 ALT. KM.188),BARRANCA,SUPE
6312,Plantel R2 Ramadal,1,CAR. PANAMERICANA NORTE KM. 337 (QUEBRADA RAMADAL),CASMA,CASMA
6313,Plantel W4 Vilcahuaura,1,NRO. S/N CP VILCAHUAURA (QUEBRADA RIO SECO SECTOR LAS CASUARINAS),HUAURA,HUAURA
6314,Plantel 368,1,CAR. PANAMERICANA SUR KM. 340,ICA,OCUCAJE
6315,Plantel 200,1,CAR. CASA BLANCA DON ALBERTO NRO. S/N IRIGACION SANTA ROSA (GRANJA CLAUDIA 1),HUAURA,SAYAN
6316,Plantel 289,1,CAR.PANAMERICANA NORTEKM. REF.INT. 289 ZONA TIROLER (KM. 159.2 DESVIO A CARAL),HUAURA,VEGUETA
6317,Plantel PV 22,1,NRO. S/N PAMPA CAMINO ENLADRILLADO (CARRETERA ICA A CARHUAS KM 35.5),ICA,ICA
6318,Plantel PV 23,1,NRO. S/N PAMPA CAMINO ENLADRILLADO (CARRETERA ICA A CARHUAS KM 35.5),ICA,ICA
6319,Plantel R8 Ramadal,1,CAR. PANAMERICANA NORTE KM. 337 (QUEBRADA RAMADAL),CASMA,CASMA
6320,Plantel V0 Biocochinos,1,PAMPA BIOCOCHINOS NRO. S/N (CARRETERA ICA-PLAYA CARHUAZ KM 25),ICA,ICA
6321,Plantel V1 Biocochinos,1,PAMPA BIOCOCHINOS NRO. S/N (CARRETERA ICA-PLAYA CARHUAZ KM 25),ICA,ICA
6322,Plantel 050,1,PAMPAS DE QUILMANA NRO. S/N PARTE ALTAS (ALTURA KM 146.5 CARRET. PANAMERICAERICANA SUR),CAÑETE,QUILMANA
6323,Plantel 383,1,NRO. S/N SEC. PAMPA DE ÑOCO,CHINCHA,GROCIO PRADO
6324,Plantel PV 24,1,CAR.ANTIGUA PANAMERICANA SUR KM.86 PAMPA SANTA ROSA,CAÑETE,MALA
6325,Plantel 384,1,CAR.PANAMERICANA SUR KM. 349,ICA,SANTIAGO
6326,Plantel 51,1,CAR.PANAMERICANA SUR KM. 112,CAÑETE,ASIA
6327,Plantel 244,1,CAR.PANAMERICANA NORTE KM. 109,HUAURA,HUACHO
6328,Plantel 52,1,CAR.UNION QUILMANA KM. 1.5,CAÑETE,QUILMANA
6329,Plantel 53,1,CAR.UNION QUILMANA KM. 2.5,CAÑETE,QUILMANA
6330,Plantel 54,1,CAR.UNION QUILMANA KM. 2,CAÑETE,QUILMANA
6331,Plantel 385,1,CAR.PANAMERICANA SUR KM. 349,ICA,SANTIAGO
6332,Plantel 386,1,CAR.PANAMERICANA SUR KM. 349,ICA,SANTIAGO
6333,Plantel 387,1,CAR.PANAMERICANA SUR KM. 347 (A 1 CUADRA DE LAS ANTENAS GALPONES),ICA,SANTIAGO
6334,Plantel 391,1,NRO. S/N FND. AJI SECO,CHINCHA,GROCIO PRADO
6335,Plantel Q0 San Lucas RP,1,CAR. COAYLLO KM. 0 PAMPA SAN LUCAS,CAÑETE,COAYLLO
6336,Plantel Q1 San Lucas RP,1,CAR. COAYLLO KM. 0 PAMPA SAN LUCAS,CAÑETE,COAYLLO
6337,Plantel Q2 San Lucas RP,1,CAR. COAYLLO KM. 0 PAMPA SAN LUCAS,CAÑETE,COAYLLO
6338,Plantel PV 14,1,Carretera Panamericana Sur Km. 98 Santa Rosa  Asia.,CAÑETE,ASIA
6339,Plantel 389,1,NRO. S/N Z.I. ENTRADA TREBOL DELPACIFICO - 2 ETAPA (ALT. KM. 158PANAMERICANA SUR),CAÑETE,SAN VICENTE DE CAÑETE
6340,Plantel 129,1,CAR. PANAMERICANA SUR KM. 72,CAÑETE,SANTA CRUZ DE FLORES
6341,Plantel San Marcos (UNMSM),1,AV. CIRCUNVALACIÓN CDRA. 28,LIMA,SAN BORJA
6342,Plantel 153,1,NRO. 1 QUEBRADA LA PARCA,CAÑETE,CHILCA
6343,Plantel 300,1,NRO. S/N PAMPA HUEREQUEQUE (CEMENTERIO HUAYAN),HUARAL,HUARAL
6344,Plantel PV-26,1,Carretera Panamericana Sur Km. 219,PISCO,SAN CLEMENTE
6345,Plantel PV-27,1,Carretera Panamericana Sur Km. 219,PISCO,SAN CLEMENTE
6346,Plantel PV-28,1,Carretera Panamericana Sur Km. 219,PISCO,SAN CLEMENTE
6347,Plantel 393,1,NRO. S/N CARTA NACIONAL ICA 29 - L (PANAMERICANASUR ENTRADA A CALLANGO) ICA - ICA - OCUCAJE,ICA,OCUCAJE
6348,Plantel 392,1,KM. 12 CAMINO A TOPARACAMINO A TOPARA CRUCE CARRETERA LA MINA,ICA,GROCIO PRADO
6349,Plantel 395,1,CAR.PANAMERICANA SUR KM. 270VILLACURI-SECTOR DE GRANJA AVÍCOLA),ICA,SALAS
6350,Plantel U0 Garlar,1,SEC. HORNILLOS MZ. SN LOTE SN,OCROS,COCHAS
6351,Plantel U1 Garlar,1,SEC. HORNILLOS MZ. SN LOTE SN,OCROS,COCHAS
6352,Plantel U2 Garlar,1,SEC. HORNILLOS MZ. SN LOTE SN,OCROS,COCHAS
6353,Plantel 055,1,CAR.PANAMERICANA SUR KM. 112,CAÑETE,ASIA  
6354,Plantel 501,1,IRRIGACION SANTA ROSA LOTE. 3 FND. LA MACARENA,HUARAL,SAYAN
6355,Plantel 396,1,PRO.PROLONGACIÓN TOMA DE LEÓN NRO. S/N,PISCO,INDEPENDENCIA
6356,Plantel MP00 Huarmey,1,CARRETERA PANAMERICANA NORTE KM. 300,HUARMEY,HUARMEY
6357,Plantel MP01 Huarmey,1,CARRETERA PANAMERICANA NORTE KM. 300,HUARMEY,HUARMEY
6358,Plantel MP02 Huarmey,1,CARRETERA PANAMERICANA NORTE KM. 300,HUARMEY,HUARMEY
6359,Plantel MP03 Huarmey,1,CARRETERA PANAMERICANA NORTE KM. 300,HUARMEY,HUARMEY
6360,Plantel MP04 Huarmey,1,CARRETERA PANAMERICANA NORTE KM. 300,HUARMEY,HUARMEY
6361,Plantel MP05 Huarmey,1,CARRETERA PANAMERICANA NORTE KM. 300,HUARMEY,HUARMEY
6362,Plantel MP06 Huarmey,1,CARRETERA PANAMERICANA NORTE KM. 300,HUARMEY,HUARMEY
6363,Plantel MP07 Huarmey,1,CARRETERA PANAMERICANA NORTE KM. 300,HUARMEY,HUARMEY
6364,Plantel MP08 Huarmey,1,CARRETERA PANAMERICANA NORTE KM. 300,HUARMEY,HUARMEY
6365,Plantel MP09 Huarmey,1,CARRETERA PANAMERICANA NORTE KM. 300,HUARMEY,HUARMEY
6366,Plantel 402,1,CAR.PANAMERICANA SUR KM. 346,ICA,SANTIAGO
6367,Plantel 403,1,CAR.PANAMERICANA SUR KM. 346,ICA,SANTIAGO
6368,Plantel O2 Sarapampa pavos,1,CAR. PANAMERICANA SUR KM. 111GRANJA SARAPAMPA (PAMPA SARAPAMPA - KM-111.5),CAÑETE,ASIA
6369,Plantel 394,1,IRRIGACION CABEZA DE TORO LOTE 16,PISCO,INDEPENDENCIA
6800,Plantel RT20,1,CAR. SAUSAL Nº 12 SAUSAL ASCOPE A,ASCOPE,ASCOPE
6801,Plantel RT21,1,CAR. SAUSAL Nº 12 SAUSAL ASCOPE A,ASCOPE,ASCOPE
6802,Plantel RT22,1,CAR. SAUSAL Nº 12 SAUSAL ASCOPE A,ASCOPE,ASCOPE
6803,Plantel RT23,1,CAR. SAUSAL Nº 12 SAUSAL ASCOPE A,ASCOPE,ASCOPE
6804,Plantel RT24,1,CAR. SAUSAL Nº 12 SAUSAL ASCOPE A,ASCOPE,ASCOPE
6805,Plantel RT25,1,CAR. SAUSAL Nº 12 SAUSAL ASCOPE A,ASCOPE,ASCOPE
6806,Plantel RT26,1,CAR. SAUSAL Nº 12 SAUSAL ASCOPE A,ASCOPE,ASCOPE
6807,Plantel RT27,1,CAR. SAUSAL Nº 12 SAUSAL ASCOPE A,ASCOPE,ASCOPE
6808,Plantel RT28,1,CAR. SAUSAL Nº 12 SAUSAL ASCOPE A,ASCOPE,ASCOPE
6809,Plantel RT29,1,CAR. SAUSAL Nº 12 SAUSAL ASCOPE A,ASCOPE,ASCOPE
6810,Plantel RT30,1,CAR. SAUSAL Nº 12 SAUSAL ASCOPE A,ASCOPE,ASCOPE
6811,Plantel RT31,1,CAR. SAUSAL Nº 12 SAUSAL ASCOPE A,ASCOPE,ASCOPE
6812,Plantel RT32,1,CAR. SAUSAL Nº 12 SAUSAL ASCOPE A,ASCOPE,ASCOPE
6813,Plantel RTL01,1,SECTOR SAN JOSE ALTO S/N (SECTOR SAN JOSE ALTO),ASCOPE,ASCOPE
6814,Plantel RTL02,1,SECTOR SAN JOSE ALTO S/N (SECTOR SAN JOSE ALTO),ASCOPE,ASCOPE
6815,Plantel RTL03,1,SECTOR SAN JOSE ALTO S/N (SECTOR SAN JOSE ALTO),ASCOPE,ASCOPE
6816,Plantel RTL04,1,SECTOR SAN JOSE ALTO S/N (SECTOR SAN JOSE ALTO),ASCOPE,ASCOPE
6817,Plantel RTL05,1,SECTOR SAN JOSE ALTO S/N (SECTOR SAN JOSE ALTO),ASCOPE,ASCOPE
6818,Plantel RTL06,1,SECTOR SAN JOSE ALTO S/N (SECTOR SAN JOSE ALTO),ASCOPE,ASCOPE
6819,Plantel RTL07,1,SECTOR SAN JOSE ALTO S/N (SECTOR SAN JOSE ALTO),ASCOPE,ASCOPE
6820,Plantel RTL08,1,SECTOR SAN JOSE ALTO S/N (SECTOR SAN JOSE ALTO),ASCOPE,ASCOPE
6821,Plantel ECH01,1,P.R. SAN RICARDO AREA HA. 21.6 KM. 14.5 CARRET. A FERREÑAFE,FERRENAFE,FERREÑAFE
6822,Plantel ECH02,1,RUR. PREDIO MOCCE - ANEXOS VALLE DE CHANCAY S/N,LAMBAYEQUE,CHICLAYO
6823,Plantel ECH05,1,SAMAN CAR. A POMALCA KM. 2,CHICLAYO,CHICLAYO
6824,Plantel ECH06,1,LEONERA RAFAN CAR. A LAS LAGUNAS KM. 8,CHICLAYO,CHICLAYO
6825,Plantel ETEN02,1,SECTOR 3 AREA HA. 314.0120 CRUCE CARR. REQUE A PUERTO ETEN,CHICLAYO,CHICLAYO
6826,Plantel ETEN03,1,SECTOR 3 AREA HA. 314.0120 CRUCE CARR. REQUE A PUERTO ETEN,CHICLAYO,CHICLAYO
6827,Plantel ETEN04,1,SECTOR 3 AREA HA. 314.0120 CRUCE CARR. REQUE A PUERTO ETEN,CHICLAYO,ETEN
6828,Plantel ETEN05,1,SECTOR 3 AREA HA. 314.0120 CRUCE CARR. REQUE A PUERTO ETEN,CHICLAYO,CHICLAYO
6829,Plantel ETEN06,1,SECTOR 3 AREA HA. 314.0120 CRUCE CARR. REQUE A PUERTO ETEN,CHICLAYO,CHICLAYO
6830,Plantel EOL01,1,ENTRE LOS VALLES DE LOS RIOS CASCAJAL Y OLMOS LOTE B-1,LAMBAYEQUE,OLMOS
6831,Plantel EOL02,1,ENTRE LOS VALLES DE LOS RIOS CASCAJAL Y OLMOS LOTE B-1,LAMBAYEQUE,OLMOS
6832,Plantel EOL03,1,ENTRE LOS VALLES DE LOS RIOS CASCAJAL Y OLMOS LOTE B-1,LAMBAYEQUE,OLMOS
6833,Plantel EOL04,1,ENTRE LOS VALLES DE LOS RIOS CASCAJAL Y OLMOS LOTE B-1,LAMBAYEQUE,OLMOS
6834,Plantel EP110,1,CAR. PIURA - PAITA KM. 5.6,PIURA,PIURA
6835,Plantel EP111,1,CAR. PIURA SULLANA KM. 1012,PIURA,PIURA
6836,Plantel EP112,1,CAR. PIURA SULLANA KM. 1012,PIURA,PIURA
6837,Plantel EP114,1,CAR. PIURA SULLANA KM. 1012,PIURA,PIURA
6838,Plantel EP115,1,CAR. SULLANA - PAITA CAS. COLAN KM. 43,PAITA,COLAN
6839,Plantel EP116,1,CAR. SULLANA - PAITA COLAN KM. 42 (ENTRE LOS KMS. 42 - 43),PAITA,COLAN
6840,Plantel EP117,1,CAR. SULLANA - PAITA COLAN KM. 41 (ENTRE LOS KMS. 41 - 44),PAITA,COLAN
6841,Plantel EP152,1,CAR. SULLANA-PAITA COLAN KM. 40,PAITA,COLAN
6842,Plantel EP153,1,CAR. SULLANA-PAITA COLAN KM. 40,PAITA,COLAN
6843,Plantel EP154,1,CAR. SULLANA-PAITA KM.46,PAITA,COLAN
6844,Plantel EP155,1,CAR. SULLANA-PAITA KM.46,PAITA,COLAN
6845,Plantel EG01,1,SEC.CAMPO NUEVO NRO.S/N PREDIO RUST.SANTA ELVIRA ALT.KM 455,VIRU,GUADALUPITO
6846,Plantel EG02,1,SEC.CAMPO NUEVO NRO.S/N PREDIO RUST.SANTA ELVIRA ALT.KM 455,VIRU,GUADALUPITO
6847,Plantel EN64,1,CERRO CRUZ DEL SIGLO SN GRANJA (CERCA AL CANAL DE CHINECAS),SANTA,NEPEÑA
6848,Plantel EN65,1,CERRO CRUZ DEL SIGLO SN GRANJA (CERCA AL CANAL DE CHINECAS),SANTA,NEPEÑA
6849,Plantel EN66,1,CERRO CRUZ DEL SIGLO SN GRANJA (CERCA AL CANAL DE CHINECAS),SANTA,NEPEÑA
6850,Plantel EN67,1,CERRO CRUZ DEL SIGLO SN GRANJA (CERCA AL CANAL DE CHINECAS),SANTA,NEPEÑA
6851,Plantel EN68,1,CERRO CRUZ DEL SIGLO SN GRANJA (CERCA AL CANAL DE CHINECAS),SANTA,NEPEÑA
6852,Plantel EN69,1,CERRO CRUZ DEL SIGLO SN GRANJA (CERCA AL CANAL DE CHINECAS),SANTA,NEPEÑA
6853,Plantel EC03,1,SANTA MELANIA Nº. 6 Y 7 COMANDANTE NOEL,CASMA,CASMA
6854,Plantel EL01,1,CARRETERA ANTIGUA A QUIRIHUAC S/N SECTOR GALINDO,TRUJILLO,LAREDO
6855,Plantel EM01,1,C.P.M. EL MILAGRO AV. PANAMERICANA NORTE KM 589,TRUJILLO,HUANCHACO
6856,Plantel EM02,1,C.P.M. EL MILAGRO AV. PANAMERICANA NORTE KM 589,TRUJILLO,HUANCHACO
6857,Plantel EM03,1,C.P.M. EL MILAGRO AV. PANAMERICANA NORTE KM 589,TRUJILLO,HUANCHACO
6858,Plantel EPA01,1,SECTOR EL MILAGRO,ASCOPE,PAIJAN
6859,Plantel EPA02,1,SECTOR EL MILAGRO,ASCOPE,PAIJAN
6860,Plantel EPA03,1,SEC. FUNDO MOCAN LA ARENITA(REF. ALTURA DEL PTO. MALABRIGO),ASCOPE,PAIJAN
6861,Plantel EPA04,1,SECTOR LA ARENITA - FUNDO MOCAN S/N,ASCOPE,PAIJAN
6862,Plantel EPA05,1,SECTOR LA ARENITA - FUNDO MOCAN S/N,ASCOPE,PAIJAN
6863,Plantel EPA06,1,SECTOR LA ARENITA - FUNDO MOCAN S/N,ASCOPE,PAIJAN
6864,Plantel EPA07,1,SECTOR LA ARENITA - FUNDO MOCAN S/N,ASCOPE,PAIJAN
6865,Plantel EPA08,1,SECTOR LA ARENITA - FUNDO MOCAN S/N,ASCOPE,PAIJAN
6866,Plantel EPA09,1,PREDIO CARLOS PARCELA 463,ASCOPE,PAIJAN
6867,Plantel EPA10,1,PREDIO ANGEL - SECTOR LA ARENITA PARCELA 480,ASCOPE,PAIJAN
6868,Plantel ES01,1,AV. PANAMERICANA KM 593.2,ASCOPE,CHICAMA
6869,Plantel ES02,1,AV. PANAMERICANA KM 592,ASCOPE,CHICAMA
6870,Plantel ES03,1,AV. PANAMERICANA KM 594.2,ASCOPE,CHICAMA
6871,Plantel ES05,1,PASCONA BAJA - AV. PANAMERICANA KM 599.9,ASCOPE,CHICAMA
6872,Plantel ET01,1,PAMPA EL ALTO SECTOR 3 PALOS NRO S/N,TRUJILLO,HUANCHACO
6873,Plantel ET20,1,CAR. ANTIGUA Nº25 QUIRIHUAC,TRUJILLO,POROTO
6874,Plantel ET21,1,CAR. C. VIEJO C. Nº610 CHIQUITOY,ASCOPE,SANTIAGO DE CAO
6875,Plantel ET22,1,CAR. C. VIEJO C. NÂº610 CHIQUITOY,ASCOPE,SANTIAGO DE CAO
6876,Plantel ET23,1,CAR. C. VIEJO C. Nº610 CHIQUITOY,ASCOPE,SANTIAGO DE CAO
6877,Plantel ET24,1,CAR. C. VIEJO C. Nº610 CHIQUITOY,ASCOPE,SANTIAGO DE CAO
6878,Plantel ET30,1,CAR. BITIN Nº K512 BITIN,VIRU,VIRU
6879,Plantel ET41,1,CAR. C. VIEJO C. Nº 610 CHIQUITOY,ASCOPE,SANTIAGO DE CAO
6880,Plantel ET50,1,CARRETERA INDUSTRIAL KM. 18 CERRO BLANCO,TRUJILLO,POROTO
6881,Plantel ET51,1,CARRETERA INDUSTRIAL KM 25 MENOCUCHO,TRUJILLO,SIMBAL
6882,Plantel ET52,1,CAR. CARRETERA INDUSTRIAL K.18 CERRO BLANCO,TRUJILLO,POROTO
6883,Plantel ET53,1,CAR. CARRETERA INDUSTRIAL KM. 18 CERRO BLANCO,TRUJILLO,POROTO
6884,Plantel ET54,1,CAR. CARRETERA INDUSTRIAL KM. 18 CERRO BLANCO,TRUJILLO,POROTO
6885,Plantel ET55,1,FUNDO SANTA FE N M FND. VALLE VIRU,VIRU,VIRU
6886,Plantel EOL05,1,ENTRE LOS VALLES DE LOS RIOS CASCAJAL Y OLMOS LOTE B-1,LAMBAYEQUE,OLMOS
6887,Plantel UEL02,1,CARRETERA ANTIGUA A QUIRIHUAC S/N SECTOR GALINDO,TRUJILLO,LAREDO
7001,Agri 3,1,MZA. 0 LOTE. 9 SECCION VICTORIA,HUARAL,HUARAL
7002,Agri 1,1,CAR. PANAMERICANA NORTE KM. 132 IRRIGACION SANTA ROSA,HUAURA,SAYAN
7003,Agri 1  granja Anitas,1,CAR. PANAMERICANA NORTE KM. 132 IRRIGACION SANTA ROSA,HUAURA,SAYAN
7004,Agri 8,1,CAR. PANAMERICANA NORTE KM. 132,HUAURA,SAYAN
7005,Agri 9,1,NRO. S N P.RURAL HUACA-CANDELARIA (PARCELA 74),HUARAL,HUARAL
7006,Agri 7,1,UNIDAD CATASTRAL 10893 NRO. .. GRU.VENTUROSA (ALTURA KM 182 PANAMERICANA NORTE),BARRANCA,SUPE
7007,Pampa oca - Pisco,1,CAR. PANAMERICANA SUR NRO. S N (ALTURA KM 235.8 SECTOR OCAS ALTO),PISCO,SAN ANDRES
7008,Villa victoria,1,IRRIGACION SANTA ROSA LOTE. 3 FND.LA MACARENA,HUAURA,SAYAN
7009,Agroindustria huaral,1,CAL. NUEVA MZA. 2 LOTE. 8 FND. CABECERA DEL ESTANQUE,HUARAL,HUARAL
7010,Agri 11,1,NRO. S/N FND. SANTA DELFINA (UNI.CA.PARCELA1-03286 CANAL EVACUADOR PA),HUAURA,SANTA MARIA
7011,Agri 2,1,CAR. A HUARAL KM. 21 ESPERANZA ALTA,HUARAL,HUARAL
7012,Agro cañete,1,JR. JOSE GALVEZ NRO. 440,CAÑETE,SAN VICENTE DE CAÑETE
7013,Agri Selva,1,AV. SAN FERNANDO MZA. 49 LOTE. 7A(INTERSECCION CON AV.TUPAC AMARU),CORONEL PORTILLO,MANANTAY
8003,Villa Victoria - CITE,1,IRRIGACION SANTA ROSA LOTE 3 FND.LA MACARENA,HUAURA,SAYAN